,u,v,key,osmid,bearing,length,oneway,indexway,from,to,geometry
0,1283649181,1088409536,0,156591171,58.5,20.537,TRUE,395,1088409536,1283649181,"LINESTRING (100.6015467 13.7100758, 100.6017088 13.7101723)"
1,1283649181,4776208739,0,156591171,238.5,26.454,TRUE,398,4776208739,1283649181,"LINESTRING (100.6019176 13.7102966, 100.6017088 13.7101723)"
2,1088409536,4405368492,0,156591171,58.5,29.743,TRUE,460,4405368492,1088409536,"LINESTRING (100.6013119 13.7099361, 100.6015467 13.7100758)"
3,4776208739,3125784820,0,156591171,238.1,51.469,TRUE,16396,3125784820,4776208739,"LINESTRING (100.6023219 13.7105415, 100.6019176 13.7102966)"
4,4405368492,1283649049,0,156591171,57,74.885,TRUE,454,1283649049,4405368492,"LINESTRING (100.6007302 13.7095698, 100.6013119 13.7099361)"
5,3125784820,3251169733,0,156591171,237,41.944,TRUE,16399,3251169733,3125784820,"LINESTRING (100.6026477 13.7107467, 100.6023219 13.7105415)"
6,1088409638,566130689,0,113135397,70.6,58.423,TRUE,444,566130689,1088409638,"LINESTRING (100.6046996 13.7118244, 100.6052098 13.7119987)"
7,1088409638,3251169749,0,113135397,252,21.606,TRUE,446,3251169749,1088409638,"LINESTRING (100.6054 13.7120588, 100.6052098 13.7119987)"
8,566130689,70706581,0,113135397,69.8,79.938,TRUE,513,70706581,566130689,"LINESTRING (100.604005 13.7115765, 100.6046996 13.7118244)"
9,3251169749,3260549206,0,113135397,252.7,43.423,TRUE,587,3260549206,3251169749,"LINESTRING (100.6057837 13.7121752, 100.6054 13.7120588)"
10,70706581,1283649058,0,113135397,58.1,69.311,TRUE,516,1283649058,70706581,"LINESTRING (100.6034601 13.7112474, 100.604005 13.7115765)"
11,3260549206,566130878,0,113135397,251.8,30.774,TRUE,583,566130878,3260549206,"LINESTRING (100.6060543 13.7122617, 100.6057837 13.7121752)"
12,1283649049,1283869297,0,156591171,59.3,10.015,TRUE,457,1283869297,1283649049,"LINESTRING (100.6006505 13.7095238, 100.6007302 13.7095698)"
13,1283869297,1283869172,0,156591171,60.9,96.577,TRUE,16387,1283869172,1283869297,"LINESTRING (100.599869 13.709102, 100.6006505 13.7095238)"
14,1283869172,5136790697,0,156591171,59,36.047,TRUE,16383,5136790697,1283869172,"LINESTRING (100.599583 13.708935, 100.599869 13.709102)"
15,272197472,270329470,0,156261422,0.6,130.94,TRUE,472,270329470,272197472,"LINESTRING (100.565105 13.726221, 100.5651185 13.7273985)"
16,272197472,272197426,0,156261422,180.6,171.16,TRUE,475,272197426,272197472,"LINESTRING (100.5651346 13.7289377, 100.5651185 13.7273985)"
17,270329470,272197602,0,156261422,5.6,44.599,TRUE,8851,272197602,270329470,"LINESTRING (100.565065 13.7258218, 100.565105 13.726221)"
18,272197426,4507680723,0,454162611,180.8,49.953,TRUE,8832,4507680723,272197426,"LINESTRING (100.5651407 13.7293869, 100.5651346 13.7289377)"
19,272197602,270329469,0,156261422,10.9,42.779,TRUE,9369,270329469,272197602,"LINESTRING (100.5649902 13.725444, 100.565065 13.7258218)"
20,1283649058,1283869383,0,113135397,58,35.532,TRUE,524,1283869383,1283649058,"LINESTRING (100.6031812 13.711078, 100.6034601 13.7112474)"
21,1283869383,1283869483,0,113135473,56.3,22.162,TRUE,607,1283869483,1283869383,"LINESTRING (100.6030106 13.7109673, 100.6031812 13.711078)"
22,1283869483,5072593366,0,156591171,58.1,23.391,TRUE,956,5072593366,1283869483,"LINESTRING (100.6028268 13.7108561, 100.6030106 13.7109673)"
23,70706584,70706585,0,113135397,266.9,12.82,TRUE,529,70706585,70706584,"LINESTRING (100.6074285 13.7126891, 100.60731 13.7126828)"
24,70706584,1975050736,0,113135397,80.7,8.154,TRUE,531,1975050736,70706584,"LINESTRING (100.6072355 13.712671, 100.60731 13.7126828)"
25,70706585,70706587,0,113135397,264.8,6.671,TRUE,534,70706587,70706585,"LINESTRING (100.60749 13.7126945, 100.6074285 13.7126891)"
26,1975050736,1283868911,0,113135397,75.1,6.148,TRUE,536,1283868911,1975050736,"LINESTRING (100.6071805 13.7126568, 100.6072355 13.712671)"
27,70706587,1286878541,0,113135397,285.1,18.292,TRUE,541,1286878541,70706587,"LINESTRING (100.6076535 13.7126517, 100.60749 13.7126945)"
28,1283868911,3251180074,0,113135397,70.8,33.635,TRUE,601,3251180074,1283868911,"LINESTRING (100.6068865 13.7125572, 100.6071805 13.7126568)"
29,1286878541,70706588,0,113135397,293.4,8.359,TRUE,544,70706588,1286878541,"LINESTRING (100.6077245 13.7126218, 100.6076535 13.7126517)"
30,3251180074,566131331,0,113135397,69.5,47.322,TRUE,595,566131331,3251180074,"LINESTRING (100.6064762 13.7124081, 100.6068865 13.7125572)"
31,70706588,1286878676,0,113135397,299.3,47.462,TRUE,547,1286878676,70706588,"LINESTRING (100.6081077 13.712413, 100.6077245 13.7126218)"
32,1286878676,3251169751,0,113135397,299,62.874,TRUE,550,3251169751,1286878676,"LINESTRING (100.6086166 13.7121386, 100.6081077 13.712413)"
33,3251169751,1688188566,0,113135397,299,71.111,TRUE,577,1688188566,3251169751,"LINESTRING (100.6091922 13.7118283, 100.6086166 13.7121386)"
34,1688188566,3251169745,0,113135397,299.8,42.831,TRUE,562,3251169745,1688188566,"LINESTRING (100.6095361 13.7116366, 100.6091922 13.7118283)"
35,566120196,1283869622,0,113135397,299.3,45.514,TRUE,558,1283869622,566120196,"LINESTRING (100.6103683 13.711176, 100.6100007 13.711376)"
36,566120196,3251169745,0,113135397,120,57.954,TRUE,561,3251169745,566120196,"LINESTRING (100.6095361 13.7116366, 100.6100007 13.711376)"
37,1283869622,1687406785,0,113135397,297.7,76.31,TRUE,570,1687406785,1283869622,"LINESTRING (100.6109938 13.7108571, 100.6103683 13.711176)"
38,566130878,3260549207,0,113135397,249.9,11.823,TRUE,589,3260549207,566130878,"LINESTRING (100.6061571 13.7122982, 100.6060543 13.7122617)"
39,3260549207,566131331,0,113135397,250.5,36.573,TRUE,596,566131331,3260549207,"LINESTRING (100.6064762 13.7124081, 100.6061571 13.7122982)"
40,5072593366,3251169733,0,156591171,57.8,22.854,TRUE,16400,3251169733,5072593366,"LINESTRING (100.6026477 13.7107467, 100.6028268 13.7108561)"
41,3553656811,1687406702,0,450149635,335,149.626,FALSE,2046,3553656811,1687406702,"LINESTRING (100.600448 13.706621, 100.5998621 13.7078403)"
42,3553656811,1446787715,0,450149635,334.7,245.492,FALSE,2039,1446787715,3553656811,"LINESTRING (100.6014185 13.7046247, 100.600448 13.706621)"
43,272206261,4917144571,0,113135465,303.7,9.509,FALSE,935,272206261,4917144571,"LINESTRING (100.5987557 13.7096824, 100.5986825 13.7097299)"
44,272206261,313137632,0,450149635,312.3,52.196,FALSE,936,272206261,313137632,"LINESTRING (100.5987557 13.7096824, 100.5983984 13.7099984)"
45,272206261,277361278,0,450149635,314.8,27.911,FALSE,48603,277361278,272206261,"LINESTRING (100.5989389 13.7095054, 100.5987557 13.7096824)"
46,4917144571,5882256955,0,113135465,306,86.829,FALSE,937,4917144571,5882256955,"LINESTRING (100.5986825 13.7097299, 100.5980321 13.7101887)"
47,313137632,2324584565,0,28504817,306.8,318.227,FALSE,939,313137632,2324584565,"LINESTRING (100.5983984 13.7099984, 100.5960391 13.7117121)"
48,5882256955,1283868949,0,113135465,306,33.926,FALSE,940,5882256955,1283868949,"LINESTRING (100.5980321 13.7101887, 100.597778 13.710368)"
49,2324584565,2295521457,0,223578187,308.2,30.359,FALSE,30175,2324584565,2295521457,"LINESTRING (100.5960391 13.7117121, 100.5958183 13.711881)"
50,1283868949,1283869304,0,113135465,33.8,30.726,FALSE,944,1283868949,1283869304,"LINESTRING (100.597778 13.710368, 100.5979361 13.7105977)"
51,1283869304,1283869474,0,113135465,126.6,60.269,FALSE,945,1283869304,1283869474,"LINESTRING (100.5979361 13.7105977, 100.5983842 13.7102748)"
52,1283869474,4405555399,0,113135465,134,19.688,FALSE,946,1283869474,4405555399,"LINESTRING (100.5983842 13.7102748, 100.5985154 13.7101519)"
53,4405555399,277361327,0,113135465,133.2,44.605,FALSE,947,4405555399,277361327,"LINESTRING (100.5985154 13.7101519, 100.5988163 13.7098772)"
54,277361327,277361328,0,450149632,139.3,30.088,FALSE,949,277361327,277361328,"LINESTRING (100.5988163 13.7098772, 100.5989981 13.7096722)"
55,277361327,313137648,0,450149632,125.4,46.628,FALSE,30011,313137648,277361327,"LINESTRING (100.5984646 13.7101203, 100.5988163 13.7098772)"
56,277361328,277361330,0,450149632,141.4,31.139,FALSE,952,277361328,277361330,"LINESTRING (100.5989981 13.7096722, 100.599178 13.7094534)"
57,277361330,5135404125,0,450149632,149.2,19.813,FALSE,986,277361330,5135404125,"LINESTRING (100.599178 13.7094534, 100.599272 13.7093004)"
58,5135404125,4470729313,0,450149632,146.6,28.534,FALSE,989,5135404125,4470729313,"LINESTRING (100.599272 13.7093004, 100.5994173 13.7090861)"
59,4470729313,70702637,0,450149632,138.5,24.072,FALSE,48795,4470729313,70702637,"LINESTRING (100.5994173 13.7090861, 100.599565 13.708924)"
60,3390619383,5261661254,0,44695864,49.4,197.156,FALSE,28998,3390619383,5261661254,"LINESTRING (100.5820738 13.7103714, 100.5834602 13.7115245)"
61,1446787715,4972231661,0,450149635,336.3,39.519,FALSE,48789,4972231661,1446787715,"LINESTRING (100.6015656 13.7042993, 100.6014185 13.7046247)"
62,1688188435,1687445665,0,450149632,154.9,204.565,FALSE,2043,1688188435,1687445665,"LINESTRING (100.6015965 13.7047086, 100.6024008 13.7030431)"
63,1688188435,3255608054,0,450149632,155.2,129.148,FALSE,39477,3255608054,1688188435,"LINESTRING (100.6010945 13.7057627, 100.6015965 13.7047086)"
64,1687445665,5322051321,0,450149632,154.9,35.436,FALSE,15844,1687445665,5322051321,"LINESTRING (100.6024008 13.7030431, 100.6025397 13.7027544)"
65,1687406702,5882256875,0,450149635,335.8,25.208,FALSE,10119,1687406702,5882256875,"LINESTRING (100.5998621 13.7078403, 100.5997665 13.7080471)"
66,4972231661,4470729311,0,450149635,334.1,59.289,FALSE,48787,4470729311,4972231661,"LINESTRING (100.601805 13.7038195, 100.6015656 13.7042993)"
67,85703477,85703478,0,153225678,103.7,21.356,FALSE,5108,85703477,85703478,"LINESTRING (100.5622481 13.7189814, 100.5624402 13.718936)"
68,85703477,3593959109,0,153225678,109.8,15.841,FALSE,5136,3593959109,85703477,"LINESTRING (100.5621101 13.7190296, 100.5622481 13.7189814)"
69,85703478,85703479,0,153225678,95.1,41.081,FALSE,5109,85703478,85703479,"LINESTRING (100.5624402 13.718936, 100.562819 13.7189032)"
70,85703479,85703481,0,153225678,79.7,60.472,FALSE,5110,85703479,85703481,"LINESTRING (100.562819 13.7189032, 100.5633697 13.7190009)"
71,85703481,85703482,0,153225678,67.2,38.121,FALSE,5111,85703481,85703482,"LINESTRING (100.5633697 13.7190009, 100.563695 13.7191338)"
72,85703482,85703483,0,153225678,65,32.9,FALSE,5112,85703482,85703483,"LINESTRING (100.563695 13.7191338, 100.563971 13.7192589)"
73,85703483,85703484,0,153225678,64.8,97.699,FALSE,5114,85703483,85703484,"LINESTRING (100.563971 13.7192589, 100.5647895 13.7196327)"
74,85703484,85703485,0,153225678,69.4,31.026,FALSE,5117,85703484,85703485,"LINESTRING (100.5647895 13.7196327, 100.5650583 13.719731)"
75,85703485,85703486,0,153225678,83.8,18.276,FALSE,5119,85703485,85703486,"LINESTRING (100.5650583 13.719731, 100.5652265 13.7197487)"
76,85703486,270329335,0,153225678,94.4,13.445,FALSE,5123,85703486,270329335,"LINESTRING (100.5652265 13.7197487, 100.5653506 13.7197395)"
77,270329335,3472974235,0,27702347,193.8,45.78,TRUE,5126,3472974235,270329335,"LINESTRING (100.5654518 13.7201393, 100.5653506 13.7197395)"
78,270329335,85703487,0,459551209,103.2,15.578,FALSE,5125,270329335,85703487,"LINESTRING (100.5653506 13.7197395, 100.565491 13.7197075)"
79,3472974235,3472974232,0,27702347,192.2,27.432,TRUE,35409,3472974232,3472974235,"LINESTRING (100.5655056 13.7203804, 100.5654518 13.7201393)"
80,85703487,3472974243,0,459551209,110.6,14.989,FALSE,5129,85703487,3472974243,"LINESTRING (100.565491 13.7197075, 100.5656209 13.7196601)"
81,3472974232,6302880862,0,27702347,194.9,37.46,TRUE,9351,6302880862,3472974232,"LINESTRING (100.5655946 13.720706, 100.5655056 13.7203804)"
82,3472974243,3472974231,0,459551209,115,22.351,FALSE,43285,3472974243,3472974231,"LINESTRING (100.5656209 13.7196601, 100.5658085 13.7195753)"
83,277921833,3593959114,0,153225678,112.6,81.466,FALSE,5130,277921833,3593959114,"LINESTRING (100.5603546 13.7197376, 100.561051 13.7194564)"
84,277921833,3879574916,0,153225678,113,53.199,FALSE,5145,3879574916,277921833,"LINESTRING (100.5599013 13.7199246, 100.5603546 13.7197376)"
85,3593959114,3593959109,0,153225678,112.5,123.86,FALSE,5132,3593959114,3593959109,"LINESTRING (100.561051 13.7194564, 100.5621101 13.7190296)"
86,282390730,1693004084,0,153225678,112,22.036,FALSE,5140,282390730,1693004084,"LINESTRING (100.5591899 13.7202358, 100.5593791 13.7201617)"
87,282390730,66263210,0,481971012,113,23.067,FALSE,20773,66263210,282390730,"LINESTRING (100.5589934 13.720317, 100.5591899 13.7202358)"
88,1693004084,3879574916,0,153225678,115.1,62.266,FALSE,5142,1693004084,3879574916,"LINESTRING (100.5593791 13.7201617, 100.5599013 13.7199246)"
89,66263222,272488163,0,481971016,291.6,23.45,FALSE,5143,66263222,272488163,"LINESTRING (100.559144 13.7200982, 100.5589421 13.7201757)"
90,66263222,1693004007,0,9168676,201,23.034,FALSE,5144,66263222,1693004007,"LINESTRING (100.559144 13.7200982, 100.5590676 13.7199048)"
91,66263222,1693004037,0,459551208,289.9,20.929,FALSE,20777,1693004037,66263222,"LINESTRING (100.5593262 13.7200342, 100.559144 13.7200982)"
92,272488163,1693004125,0,481971011,289.7,16.255,FALSE,20787,272488163,1693004125,"LINESTRING (100.5589421 13.7201757, 100.5588004 13.7202249)"
93,272488163,1693004086,0,338595771,18.7,24.836,FALSE,20784,1693004086,272488163,"LINESTRING (100.5588685 13.7199641, 100.5589421 13.7201757)"
94,1693004007,277945066,0,9168676,198.4,48.376,FALSE,20778,1693004007,277945066,"LINESTRING (100.5590676 13.7199048, 100.5589262 13.719492)"
95,272448122,4964466757,0,153225684,225.3,17.845,FALSE,5155,272448122,4964466757,"LINESTRING (100.5920844 13.7136087, 100.591967 13.7134958)"
96,272448122,4965416694,0,153225684,215.9,75.353,FALSE,5249,4965416694,272448122,"LINESTRING (100.5924939 13.7141573, 100.5920844 13.7136087)"
97,4964466757,272448123,0,153225684,236.7,17.639,FALSE,5157,4964466757,272448123,"LINESTRING (100.591967 13.7134958, 100.5918306 13.7134086)"
98,272448123,1686126944,0,153225684,243.7,20.484,FALSE,5160,272448123,1686126944,"LINESTRING (100.5918306 13.7134086, 100.5916606 13.713327)"
99,1686126944,4965416748,0,153225684,246.1,75.53,FALSE,5161,1686126944,4965416748,"LINESTRING (100.5916606 13.713327, 100.5910215 13.7130515)"
100,4965416748,272448124,0,153225684,246.2,73.509,FALSE,5163,4965416748,272448124,"LINESTRING (100.5910215 13.7130515, 100.5903989 13.7127847)"
101,272448124,1686126933,0,153225684,257,18.516,FALSE,5166,272448124,1686126933,"LINESTRING (100.5903989 13.7127847, 100.5902319 13.7127472)"
102,1686126933,272448125,0,153225684,260.2,22.452,FALSE,5167,1686126933,272448125,"LINESTRING (100.5902319 13.7127472, 100.5900271 13.7127128)"
103,272448125,272448126,0,153225684,265.7,47.147,FALSE,5169,272448125,272448126,"LINESTRING (100.5900271 13.7127128, 100.5895919 13.7126808)"
104,5072585722,5072585730,0,153225684,271.6,58.875,FALSE,5174,5072585722,5072585730,"LINESTRING (100.5895575 13.7126768, 100.5890127 13.7126914)"
105,5072585730,1686126935,0,153225684,272.4,286.68,FALSE,5178,5072585730,1686126935,"LINESTRING (100.5890127 13.7126914, 100.5863613 13.7128013)"
106,1686126935,2189041843,0,153225684,272.8,243.057,FALSE,5252,1686126935,2189041843,"LINESTRING (100.5863613 13.7128013, 100.584114 13.7129083)"
107,272448127,2189041844,0,153225684,272.9,33.498,FALSE,5182,272448127,2189041844,"LINESTRING (100.5840172 13.7129128, 100.5837075 13.7129279)"
108,272448127,2189041843,0,153225684,272.7,10.469,FALSE,5255,2189041843,272448127,"LINESTRING (100.584114 13.7129083, 100.5840172 13.7129128)"
109,272448127,567149061,0,44695864,27.7,21.203,FALSE,28983,567149061,272448127,"LINESTRING (100.5839259 13.712744, 100.5840172 13.7129128)"
110,2189041844,272448128,0,153225684,271.4,257.979,FALSE,5184,2189041844,272448128,"LINESTRING (100.5837075 13.7129279, 100.5813201 13.7129854)"
111,85703495,1686126942,0,153225686,93.1,243.665,FALSE,5185,85703495,1686126942,"LINESTRING (100.5841146 13.7130258, 100.586367 13.7129087)"
112,85703495,3948923063,0,300813736,92.3,56.144,FALSE,37643,3948923063,85703495,"LINESTRING (100.5835953 13.7130464, 100.5841146 13.7130258)"
113,272448128,272448130,0,153225684,277,38.442,FALSE,5188,272448128,272448130,"LINESTRING (100.5813201 13.7129854, 100.5809669 13.7130276)"
114,1686126942,1686126940,0,153225686,93,165.07,FALSE,5259,1686126942,1686126940,"LINESTRING (100.586367 13.7129087, 100.5878929 13.7128298)"
115,4965416689,3948923066,0,208631105,6.7,57.03,FALSE,5277,4965416689,3948923066,"LINESTRING (100.584121 13.7130789, 100.5841824 13.7135883)"
116,2189041843,4965416716,0,208631109,187.6,6.754,FALSE,5256,2189041843,4965416716,"LINESTRING (100.584114 13.7129083, 100.5841057 13.7128481)"
117,272448130,272448131,0,153225684,289.1,47.726,FALSE,5189,272448130,272448131,"LINESTRING (100.5809669 13.7130276, 100.5805494 13.713168)"
118,272448131,2496043704,0,153225684,294.1,316.322,FALSE,5190,272448131,2496043704,"LINESTRING (100.5805494 13.713168, 100.5778755 13.7143276)"
119,272448131,2961118777,0,319130516,1.3,15.349,TRUE,5198,2961118777,272448131,"LINESTRING (100.5805463 13.71303, 100.5805494 13.713168)"
120,2496043704,2496043708,0,153225684,294.1,85.068,FALSE,5193,2496043704,2496043708,"LINESTRING (100.5778755 13.7143276, 100.5771568 13.7146403)"
121,85703491,85703492,0,300813736,111.5,44.812,FALSE,5195,85703491,85703492,"LINESTRING (100.580565 13.713323, 100.580951 13.7131754)"
122,85703491,2496043705,0,300813736,114.3,309.124,FALSE,5203,2496043705,85703491,"LINESTRING (100.577956 13.714465, 100.580565 13.713323)"
123,85703491,3948923070,0,61232396,181,53.948,FALSE,46265,3948923070,85703491,"LINESTRING (100.5805733 13.7138081, 100.580565 13.713323)"
124,2961118777,3255390871,0,319130516,0,57.81,TRUE,36721,3255390871,2961118777,"LINESTRING (100.5805459 13.7125101, 100.5805463 13.71303)"
125,2496043708,2496043709,0,153225684,294.1,25.067,FALSE,5200,2496043708,2496043709,"LINESTRING (100.5771568 13.7146403, 100.576945 13.7147324)"
126,2496043705,4552160452,0,300813736,114.9,8.921,FALSE,10234,4552160452,2496043705,"LINESTRING (100.5778811 13.7144988, 100.577956 13.714465)"
127,3255390871,3390619386,0,319130516,2.5,39.668,TRUE,36715,3390619386,3255390871,"LINESTRING (100.5805299 13.7121537, 100.5805459 13.7125101)"
128,2496043709,272448132,0,153225684,294.1,109.984,FALSE,5268,2496043709,272448132,"LINESTRING (100.576945 13.7147324, 100.5760158 13.7151367)"
129,272448132,6427109881,0,153225684,292.9,218.698,FALSE,5204,272448132,6427109881,"LINESTRING (100.5760158 13.7151367, 100.574151 13.7159024)"
130,6427109881,4552151235,0,153225684,292.9,34.527,FALSE,5205,6427109881,4552151235,"LINESTRING (100.574151 13.7159024, 100.5738566 13.7160233)"
131,4552151235,1800206471,0,153225684,292.9,115.963,FALSE,5207,4552151235,1800206471,"LINESTRING (100.5738566 13.7160233, 100.5728678 13.7164293)"
132,6427109882,85703490,0,300813736,112.5,227.672,FALSE,5208,6427109882,85703490,"LINESTRING (100.5742081 13.7160328, 100.5761549 13.7152484)"
133,6427109882,765319547,0,300813736,112.5,157.876,FALSE,10296,765319547,6427109882,"LINESTRING (100.5728578 13.716576, 100.5742081 13.7160328)"
134,1800206471,5804465636,0,153225684,294.6,83.718,FALSE,5263,1800206471,5804465636,"LINESTRING (100.5728678 13.7164293, 100.5721629 13.7167422)"
135,85703490,765319721,0,300813736,113.1,9.558,FALSE,37634,85703490,765319721,"LINESTRING (100.5761549 13.7152484, 100.5762363 13.7152147)"
136,272448133,5804465643,0,153225684,294.6,104.711,FALSE,5210,272448133,5804465643,"LINESTRING (100.5720588 13.7167973, 100.5711774 13.7171892)"
137,272448133,5804465636,0,153225684,298.6,12.806,FALSE,5265,5804465636,272448133,"LINESTRING (100.5721629 13.7167422, 100.5720588 13.7167973)"
138,5804465643,272555749,0,153225684,289.8,93.66,FALSE,5211,5804465643,272555749,"LINESTRING (100.5711774 13.7171892, 100.5703618 13.717475)"
139,272555749,272555738,0,153225684,296.2,85.338,FALSE,5213,272555749,272555738,"LINESTRING (100.5703618 13.717475, 100.5696532 13.7178143)"
140,272555738,272448134,0,153225684,292.9,23.362,FALSE,5232,272555738,272448134,"LINESTRING (100.5696532 13.7178143, 100.569454 13.7178961)"
141,272448134,5804465574,0,153225684,291.6,14.544,FALSE,5218,272448134,5804465574,"LINESTRING (100.569454 13.7178961, 100.5693288 13.7179442)"
142,5804465574,3048996870,0,153225684,294,153.533,FALSE,5219,5804465574,3048996870,"LINESTRING (100.5693288 13.7179442, 100.5680307 13.7185065)"
143,3048996870,272448135,0,153225684,295.7,13.696,FALSE,5221,3048996870,272448135,"LINESTRING (100.5680307 13.7185065, 100.5679165 13.71856)"
144,272448135,272555800,0,153225684,292.2,84.034,FALSE,5225,272448135,272555800,"LINESTRING (100.5679165 13.71856, 100.5671963 13.7188457)"
145,272555800,6427826768,0,482209833,203.6,105.958,FALSE,5226,272555800,6427826768,"LINESTRING (100.5671963 13.7188457, 100.5668043 13.7179722)"
146,272555800,272448137,0,482209834,293.7,11.985,FALSE,5227,272555800,272448137,"LINESTRING (100.5671963 13.7188457, 100.5670947 13.718889)"
147,6427826768,5804465588,0,482209833,204,56.504,FALSE,5228,6427826768,5804465588,"LINESTRING (100.5668043 13.7179722, 100.5665915 13.717508)"
148,272448137,5678756065,0,482209831,293.9,101.498,FALSE,5230,272448137,5678756065,"LINESTRING (100.5670947 13.718889, 100.5662358 13.7192591)"
149,272448137,5678756069,0,321845933,22.5,83.279,FALSE,40778,5678756069,272448137,"LINESTRING (100.5667991 13.7181973, 100.5670947 13.718889)"
150,5804465588,272555725,0,482209833,205.5,53.13,FALSE,50597,5804465588,272555725,"LINESTRING (100.5665915 13.717508, 100.5663794 13.7170769)"
151,6427826767,5678756069,0,321845933,22.2,23.375,FALSE,32397,6427826767,5678756069,"LINESTRING (100.5667175 13.7180026, 100.5667991 13.7181973)"
152,6427826767,272555724,0,321845933,26.1,108.509,FALSE,32391,272555724,6427826767,"LINESTRING (100.5662751 13.7171265, 100.5667175 13.7180026)"
153,5678756065,4913333824,0,482209831,294,90.427,FALSE,40782,5678756065,4913333824,"LINESTRING (100.5662358 13.7192591, 100.5654708 13.7195893)"
154,272555808,2723606642,0,482209830,114.1,82.829,FALSE,40784,272555808,2723606642,"LINESTRING (100.5672562 13.7189825, 100.5679564 13.7186789)"
155,272555808,272555807,0,482209832,112.8,78.793,FALSE,43301,272555807,272555808,"LINESTRING (100.5665837 13.7192569, 100.5672562 13.7189825)"
156,277360977,4965416694,0,153225684,215.7,8.712,FALSE,5247,277360977,4965416694,"LINESTRING (100.592541 13.7142209, 100.5924939 13.7141573)"
157,277360977,1962192630,0,377691430,307.9,52.454,FALSE,27035,1962192630,277360977,"LINESTRING (100.5929243 13.7139313, 100.592541 13.7142209)"
158,272206256,1686126950,0,185007810,305.9,175.778,FALSE,5250,272206256,1686126950,"LINESTRING (100.5924507 13.7142868, 100.5911319 13.7152128)"
159,272206256,4965416696,0,153225686,37.2,8.432,FALSE,5291,4965416696,272206256,"LINESTRING (100.5924035 13.7142264, 100.5924507 13.7142868)"
160,1686126950,1686126952,0,185007810,305.6,71.394,FALSE,5301,1686126950,1686126952,"LINESTRING (100.5911319 13.7152128, 100.5905947 13.7155868)"
161,272448121,4965267259,0,482404745,130,33.607,FALSE,5303,272448121,4965267259,"LINESTRING (100.5925734 13.7143516, 100.5928117 13.7141573)"
162,272448121,783872068,0,336620983,126.1,33.808,FALSE,41934,783872068,272448121,"LINESTRING (100.5923205 13.7145307, 100.5925734 13.7143516)"
163,4965416716,2189041841,0,208631109,187.6,11.655,FALSE,5262,4965416716,2189041841,"LINESTRING (100.5841057 13.7128481, 100.5840915 13.7127442)"
164,1686126940,1686126934,0,153225686,91.7,180.791,FALSE,5278,1686126940,1686126934,"LINESTRING (100.5878929 13.7128298, 100.5895658 13.7127829)"
165,2189041841,2189041840,0,208631109,189.2,91.6,FALSE,29007,2189041841,2189041840,"LINESTRING (100.5840915 13.7127442, 100.5839554 13.7119311)"
166,3948923066,3948923073,0,208631105,6.7,37.449,FALSE,28959,3948923066,3948923073,"LINESTRING (100.5841824 13.7135883, 100.5842227 13.7139228)"
167,1686126934,85703496,0,153225686,84.8,13.461,FALSE,5292,1686126934,85703496,"LINESTRING (100.5895658 13.7127829, 100.5896899 13.7127938)"
168,85703496,85703497,0,153225686,87.2,34.059,FALSE,5282,85703496,85703497,"LINESTRING (100.5896899 13.7127938, 100.5900048 13.7128089)"
169,85703497,85703498,0,153225686,78.8,37.032,FALSE,5283,85703497,85703498,"LINESTRING (100.5900048 13.7128089, 100.5903411 13.7128735)"
170,85703498,4453287975,0,153225686,65.7,105.385,FALSE,5284,85703498,4453287975,"LINESTRING (100.5903411 13.7128735, 100.59123 13.713264)"
171,4453287975,1686126945,0,153225686,68.4,51.595,FALSE,5285,4453287975,1686126945,"LINESTRING (100.59123 13.713264, 100.591674 13.713435)"
172,1686126945,85703499,0,153225686,60.5,13.129,FALSE,5286,1686126945,85703499,"LINESTRING (100.591674 13.713435, 100.5917798 13.7134931)"
173,85703499,4965416688,0,153225686,48.7,3.064,FALSE,5288,85703499,4965416688,"LINESTRING (100.5917798 13.7134931, 100.5918011 13.7135113)"
174,4965416688,85703500,0,153225686,48.7,18.448,FALSE,5289,4965416688,85703500,"LINESTRING (100.5918011 13.7135113, 100.5919293 13.7136209)"
175,85703500,4965416696,0,153225686,37.3,84.6,FALSE,5290,85703500,4965416696,"LINESTRING (100.5919293 13.7136209, 100.5924035 13.7142264)"
176,4965267259,4964511273,0,482404745,125.7,28.636,FALSE,31722,4965267259,4964511273,"LINESTRING (100.5928117 13.7141573, 100.5930271 13.7140072)"
177,3576517459,272491960,0,482384850,292.8,155.841,FALSE,44250,3576517459,272491960,"LINESTRING (100.5628145 13.7155689, 100.5614847 13.7161123)"
178,3576517459,4752126535,0,482384850,292.5,240.156,FALSE,5369,4752126535,3576517459,"LINESTRING (100.5648678 13.7147409, 100.5628145 13.7155689)"
179,272491959,4752126535,0,482384850,295.8,29.607,FALSE,5358,272491959,4752126535,"LINESTRING (100.5651145 13.7146249, 100.5648678 13.7147409)"
180,272491955,4752126530,0,482384842,20.5,23.617,FALSE,5363,272491955,4752126530,"LINESTRING (100.5651813 13.7147555, 100.5652577 13.7149545)"
181,272491955,4752126525,0,185563494,111.5,24.991,FALSE,27011,4752126525,272491955,"LINESTRING (100.5649661 13.714838, 100.5651813 13.7147555)"
182,272491956,4752126536,0,321845932,201.8,20.448,FALSE,40775,4752126536,272491956,"LINESTRING (100.56538 13.7148747, 100.5653096 13.714704)"
183,4752126530,277946826,0,482384842,23.9,214.036,FALSE,27005,4752126530,277946826,"LINESTRING (100.5652577 13.7149545, 100.5660614 13.7167139)"
184,270329332,304300664,0,156261350,311.6,100.54,FALSE,8704,270329332,304300664,"LINESTRING (100.5661942 13.7221722, 100.565498 13.7227723)"
185,270329332,6063443302,0,27702347,22.9,51.007,TRUE,8709,6063443302,270329332,"LINESTRING (100.5660108 13.7217495, 100.5661942 13.7221722)"
186,270329332,270329331,0,328942767,200,147.112,TRUE,8712,270329331,270329332,"LINESTRING (100.5666609 13.7234151, 100.5661942 13.7221722)"
187,270329332,272555118,0,156261350,314.9,161.403,FALSE,8737,272555118,270329332,"LINESTRING (100.5672535 13.7211485, 100.5661942 13.7221722)"
188,304300664,5119581644,0,156261350,314.3,20.525,FALSE,8707,304300664,5119581644,"LINESTRING (100.565498 13.7227723, 100.565362 13.7229012)"
189,270329331,3472838331,0,328942767,200.5,60.25,TRUE,41360,3472838331,270329331,"LINESTRING (100.5668563 13.7239226, 100.5666609 13.7234151)"
190,5119581644,270329467,0,156261350,312.7,88.348,FALSE,8715,5119581644,270329467,"LINESTRING (100.565362 13.7229012, 100.5647611 13.7234402)"
191,304301867,3472942741,0,27702347,21.5,35.498,TRUE,35417,3472942741,304301867,"LINESTRING (100.5658765 13.7214186, 100.565997 13.7217156)"
192,3472838331,3472827593,0,328942767,200.5,58.454,TRUE,41366,3472827593,3472838331,"LINESTRING (100.5670458 13.724415, 100.5668563 13.7239226)"
193,270329467,304300736,0,156261422,185,8.528,TRUE,8744,304300736,270329467,"LINESTRING (100.564768 13.7235166, 100.5647611 13.7234402)"
194,270329467,5678756062,0,156261422,4.7,165.046,TRUE,8748,5678756062,270329467,"LINESTRING (100.5646346 13.721961, 100.5647611 13.7234402)"
195,270331957,4913333830,0,156261350,313.4,86.872,FALSE,8718,270331957,4913333830,"LINESTRING (100.5684796 13.7200438, 100.5678951 13.7205804)"
196,270331957,6296772386,0,693832668,197.9,111.682,TRUE,8725,6296772386,270331957,"LINESTRING (100.5687982 13.7209993, 100.5684796 13.7200438)"
197,270331957,6457542782,0,27702346,313.5,106.474,TRUE,8727,6457542782,270331957,"LINESTRING (100.5691946 13.7193847, 100.5684796 13.7200438)"
198,270331957,4913333835,0,453962283,20.4,80.457,TRUE,8730,4913333835,270331957,"LINESTRING (100.5682203 13.7193655, 100.5684796 13.7200438)"
199,4913333830,272555210,0,156261350,312.1,37.123,FALSE,8722,4913333830,272555210,"LINESTRING (100.5678951 13.7205804, 100.56764 13.7208041)"
200,6296772386,267086955,0,693832668,197.9,69.872,TRUE,9418,267086955,6296772386,"LINESTRING (100.5689975 13.7215971, 100.5687982 13.7209993)"
201,6457542782,272437239,0,27702346,313.5,107.016,TRUE,24843,272437239,6457542782,"LINESTRING (100.5699132 13.7187222, 100.5691946 13.7193847)"
202,4913333835,2295507651,0,453962283,20.4,33.709,TRUE,49380,2295507651,4913333835,"LINESTRING (100.5681117 13.7190813, 100.5682203 13.7193655)"
203,272555210,272555118,0,156261350,312.5,56.654,FALSE,8733,272555210,272555118,"LINESTRING (100.56764 13.7208041, 100.5672535 13.7211485)"
204,267086955,267086960,0,693832668,196.8,75.108,TRUE,9420,267086960,267086955,"LINESTRING (100.5691979 13.7222439, 100.5689975 13.7215971)"
205,272437239,267086935,0,170065517,22.1,58.32,TRUE,24838,267086935,272437239,"LINESTRING (100.5697102 13.7182362, 100.5699132 13.7187222)"
206,2295507651,272435330,0,453962283,20.4,45.569,TRUE,37652,272435330,2295507651,"LINESTRING (100.5679649 13.7186971, 100.5681117 13.7190813)"
207,304300736,304300748,0,156261422,185,38.791,TRUE,9358,304300748,304300736,"LINESTRING (100.5647996 13.7238641, 100.564768 13.7235166)"
208,5678756062,270329466,0,156261422,6.2,33.463,TRUE,9348,270329466,5678756062,"LINESTRING (100.5646013 13.7216618, 100.5646346 13.721961)"
209,304300748,270329468,0,156261422,184.8,112.271,TRUE,9363,270329468,304300748,"LINESTRING (100.564887 13.7248702, 100.5647996 13.7238641)"
210,270329466,270329333,0,156261422,307.1,143.336,TRUE,9345,270329333,270329466,"LINESTRING (100.5656596 13.7208842, 100.5646013 13.7216618)"
211,270329330,3472799025,0,328942767,203.8,135.227,TRUE,8793,3472799025,270329330,"LINESTRING (100.5684323 13.7275717, 100.5679264 13.7264593)"
212,270329330,3472809326,0,328942767,23.8,45.004,TRUE,8796,3472809326,270329330,"LINESTRING (100.567758 13.7260891, 100.5679264 13.7264593)"
213,3472809326,3472808522,0,328942767,23.8,117.989,TRUE,41356,3472808522,3472809326,"LINESTRING (100.5673166 13.7251185, 100.567758 13.7260891)"
214,3472808522,3472827593,0,328942767,20.5,83.516,TRUE,41365,3472827593,3472808522,"LINESTRING (100.5670458 13.724415, 100.5673166 13.7251185)"
215,270329469,5112151182,0,156261422,10.2,43.357,TRUE,9366,5112151182,270329469,"LINESTRING (100.5649194 13.7250602, 100.5649902 13.725444)"
216,1686126903,3260338579,0,156261400,306.2,106.992,FALSE,9060,1686126903,3260338579,"LINESTRING (100.5955154 13.7120954, 100.5947164 13.712664)"
217,1686126903,2295521457,0,156261400,306.1,40.485,FALSE,9067,2295521457,1686126903,"LINESTRING (100.5958183 13.711881, 100.5955154 13.7120954)"
218,3260338579,3810777044,0,156261400,306,84.661,FALSE,9062,3260338579,3810777044,"LINESTRING (100.5947164 13.712664, 100.5940822 13.7131113)"
219,3810777044,3260338581,0,377691430,306.2,141.887,FALSE,9066,3810777044,3260338581,"LINESTRING (100.5940822 13.7131113, 100.5930222 13.7138648)"
220,313173111,4965416779,0,156591249,206.9,10.831,TRUE,16435,4965416779,313173111,"LINESTRING (100.5942106 13.7133128, 100.5941653 13.7132259)"
221,313173111,3260338580,0,300825126,126.6,84.442,FALSE,9069,313173111,3260338580,"LINESTRING (100.5941653 13.7132259, 100.5947926 13.7127728)"
222,313173111,2591644064,0,482404745,125.4,89.836,FALSE,32646,2591644064,313173111,"LINESTRING (100.5934872 13.7136936, 100.5941653 13.7132259)"
223,3260338581,1962192630,0,377691430,305,12.904,FALSE,9071,3260338581,1962192630,"LINESTRING (100.5930222 13.7138648, 100.5929243 13.7139313)"
224,4965416779,4367820134,0,156591249,198.9,25.263,TRUE,16439,4367820134,4965416779,"LINESTRING (100.5942865 13.7135277, 100.5942106 13.7133128)"
225,3260338580,61703339,0,300825126,126.6,94.869,FALSE,16437,3260338580,61703339,"LINESTRING (100.5947926 13.7127728, 100.5954974 13.7122638)"
226,270329333,6302880862,0,27702347,19.5,21.022,TRUE,9350,6302880862,270329333,"LINESTRING (100.5655946 13.720706, 100.5656596 13.7208842)"
227,270329468,5112151182,0,156261422,189.4,21.415,TRUE,9365,5112151182,270329468,"LINESTRING (100.5649194 13.7250602, 100.564887 13.7248702)"
228,267086960,267086965,0,693832668,199.4,277.858,TRUE,9425,267086965,267086960,"LINESTRING (100.5700516 13.7246011, 100.5691979 13.7222439)"
229,267086965,267086967,0,693832669,129.8,15.425,TRUE,9428,267086967,267086965,"LINESTRING (100.5699419 13.7246899, 100.5700516 13.7246011)"
230,267086967,272554629,0,693832669,115.7,57.133,TRUE,9430,272554629,267086967,"LINESTRING (100.5694654 13.7249129, 100.5699419 13.7246899)"
231,272554629,267086968,0,693832669,116.9,39.965,TRUE,9433,267086968,272554629,"LINESTRING (100.5691354 13.7250754, 100.5694654 13.7249129)"
232,267086968,5076544746,0,693832669,122.3,5.74,TRUE,9437,5076544746,267086968,"LINESTRING (100.5690905 13.725103, 100.5691354 13.7250754)"
233,5076544746,5076544745,0,693832669,148.5,4.278,TRUE,9440,5076544745,5076544746,"LINESTRING (100.5690698 13.7251358, 100.5690905 13.725103)"
234,5076544745,267086969,0,156261434,190,5.938,TRUE,9441,267086969,5076544745,"LINESTRING (100.5690793 13.7251884, 100.5690698 13.7251358)"
235,267086969,5076544757,0,156261434,205,37.657,TRUE,9443,5076544757,267086969,"LINESTRING (100.5692267 13.7254953, 100.5690793 13.7251884)"
236,5076544757,5076544760,0,156261434,205,20.54,TRUE,9447,5076544760,5076544757,"LINESTRING (100.5693071 13.7256627, 100.5692267 13.7254953)"
237,5076544760,5076544747,0,156261434,205,10.711,TRUE,9456,5076544747,5076544760,"LINESTRING (100.569349 13.72575, 100.5693071 13.7256627)"
238,5076544747,267086973,0,156261434,195.9,43.648,TRUE,9450,267086973,5076544747,"LINESTRING (100.5694594 13.7261276, 100.569349 13.72575)"
239,267086973,4475532661,0,156261434,209.3,77.726,TRUE,9452,4475532661,267086973,"LINESTRING (100.5698115 13.7267372, 100.5694594 13.7261276)"
240,4475532661,3484265992,0,156261434,204,34.142,TRUE,9459,3484265992,4475532661,"LINESTRING (100.5699403 13.7270176, 100.5698115 13.7267372)"
241,3484265992,4475532664,0,156261434,203.1,121.718,TRUE,9475,4475532664,3484265992,"LINESTRING (100.5703828 13.7280243, 100.5699403 13.7270176)"
242,4475532664,3049029183,0,156261434,205.7,25.488,TRUE,9468,3049029183,4475532664,"LINESTRING (100.570485 13.7282309, 100.5703828 13.7280243)"
243,267086992,3049029183,0,156261434,23.4,61.2,TRUE,9467,3049029183,267086992,"LINESTRING (100.570485 13.7282309, 100.5707103 13.7287359)"
244,267086992,4475532666,0,156261434,201.4,68.849,TRUE,9470,4475532666,267086992,"LINESTRING (100.5709431 13.7293123, 100.5707103 13.7287359)"
245,4475532666,272206252,0,156261434,228,19.159,TRUE,9478,272206252,4475532666,"LINESTRING (100.571075 13.7294275, 100.5709431 13.7293123)"
246,5882256875,272206264,0,450149635,334.5,64.729,FALSE,15592,5882256875,272206264,"LINESTRING (100.5997665 13.7080471, 100.5995083 13.7085724)"
247,765319721,4552160452,0,300813736,114.1,194.696,FALSE,10233,765319721,4552160452,"LINESTRING (100.5762363 13.7152147, 100.5778811 13.7144988)"
248,765319547,85703489,0,300813736,112,78.825,FALSE,24844,85703489,765319547,"LINESTRING (100.572181 13.716841, 100.5728578 13.716576)"
249,765319647,1686001652,0,156591249,19.2,18.129,TRUE,11680,1686001652,765319647,"LINESTRING (100.594757 13.714836, 100.5948121 13.71499)"
250,1686001652,3243042385,0,156591249,19.7,39.133,TRUE,11687,3243042385,1686001652,"LINESTRING (100.5946348 13.7145047, 100.594757 13.714836)"
251,3243042385,3265511364,0,156591249,20,37.078,TRUE,16525,3265511364,3243042385,"LINESTRING (100.5945173 13.7141914, 100.5946348 13.7145047)"
252,3265511364,2591644067,0,156591249,20.3,17.566,TRUE,16537,2591644067,3265511364,"LINESTRING (100.594461 13.7140432, 100.5945173 13.7141914)"
253,765319673,3255398966,0,61232396,181.6,66.6,FALSE,26699,765319673,3255398966,"LINESTRING (100.5807988 13.722524, 100.5807812 13.7219253)"
254,2189041838,2189041837,0,208631109,261.3,1.989,FALSE,12489,2189041838,2189041837,"LINESTRING (100.5838476 13.7117204, 100.5838294 13.7117177)"
255,2189041838,2189041840,0,208631109,206.4,26.163,FALSE,29006,2189041840,2189041838,"LINESTRING (100.5839554 13.7119311, 100.5838476 13.7117204)"
256,567148633,567149061,0,44695864,6.4,86.349,FALSE,29003,567148633,567149061,"LINESTRING (100.5838367 13.7119723, 100.5839259 13.712744)"
257,567148633,2189041839,0,44695864,29.1,26.996,FALSE,48710,2189041839,567148633,"LINESTRING (100.5837151 13.7117602, 100.5838367 13.7119723)"
258,2189041837,2189041836,0,208631109,227.1,62.374,FALSE,29004,2189041837,2189041836,"LINESTRING (100.5838294 13.7117177, 100.5834062 13.7113361)"
259,567149064,1686126955,0,208631105,8.6,160.032,FALSE,12492,567149064,1686126955,"LINESTRING (100.5842985 13.7145513, 100.5845188 13.7159745)"
260,567149064,3948923076,0,208631105,6.7,37.271,FALSE,28974,3948923076,567149064,"LINESTRING (100.5842583 13.7142184, 100.5842985 13.7145513)"
261,1686126955,567149110,0,208631105,7.3,127.996,FALSE,12723,1686126955,567149110,"LINESTRING (100.5845188 13.7159745, 100.5846699 13.7171162)"
262,567149681,567149110,0,208631105,7.5,274.298,FALSE,12726,567149110,567149681,"LINESTRING (100.5846699 13.7171162, 100.5850022 13.7195618)"
263,1795422160,765319444,0,61232396,181.8,141.184,FALSE,12725,1795422160,765319444,"LINESTRING (100.5806192 13.7160111, 100.580579 13.714742)"
264,1795422160,3255390883,0,61232396,181.7,120.467,FALSE,24269,3255390883,1795422160,"LINESTRING (100.5806524 13.717094, 100.5806192 13.7160111)"
265,567149110,6513896967,0,208631105,7.5,269.432,FALSE,12729,567149110,6513896967,"LINESTRING (100.5846699 13.7171162, 100.5849972 13.7195183)"
266,765319444,3948923070,0,61232396,180.3,103.847,FALSE,24262,765319444,3948923070,"LINESTRING (100.580579 13.714742, 100.5805733 13.7138081)"
267,615055632,5094681194,0,450149635,337.4,46.11,FALSE,15458,615055632,5094681194,"LINESTRING (100.6022822 13.7028008, 100.6021181 13.7031836)"
268,615055632,5322049820,0,450149635,329.9,16.829,FALSE,15512,5322049820,615055632,"LINESTRING (100.6023604 13.7026699, 100.6022822 13.7028008)"
269,5094681194,4470729311,0,450149635,334.4,78.383,FALSE,15462,5094681194,4470729311,"LINESTRING (100.6021181 13.7031836, 100.601805 13.7038195)"
270,1687321698,5322049820,0,450149635,335.7,51.966,FALSE,15511,1687321698,5322049820,"LINESTRING (100.6025582 13.7022439, 100.6023604 13.7026699)"
271,272206264,272206263,0,450149635,333.9,35.323,FALSE,48819,272206264,272206263,"LINESTRING (100.5995083 13.7085724, 100.5993645 13.7088577)"
272,5322051321,4470793954,0,450149632,154.9,28.218,FALSE,15847,5322051321,4470793954,"LINESTRING (100.6025397 13.7027544, 100.6026503 13.7025245)"
273,4470793954,1687445640,0,450149632,154.9,18.843,FALSE,48814,4470793954,1687445640,"LINESTRING (100.6026503 13.7025245, 100.6027242 13.702371)"
274,70702637,1283649121,0,450149632,162.1,32.915,FALSE,16379,70702637,1283649121,"LINESTRING (100.599565 13.708924, 100.5996586 13.7086423)"
275,1283649121,4821851040,0,450149632,154,35.591,FALSE,16384,1283649121,4821851040,"LINESTRING (100.5996586 13.7086423, 100.5998032 13.7083547)"
276,1088409501,4470729304,0,450149635,331.8,27.722,FALSE,16385,1088409501,4470729304,"LINESTRING (100.599356 13.7088758, 100.5992349 13.7090956)"
277,4821851040,1088409489,0,450149632,155.4,73.034,FALSE,48791,4821851040,1088409489,"LINESTRING (100.5998032 13.7083547, 100.6000844 13.7077574)"
278,4470729304,272206262,0,450149635,328.5,20.29,FALSE,48816,4470729304,272206262,"LINESTRING (100.5992349 13.7090956, 100.5991368 13.7092512)"
279,4367820134,3234302727,0,156591249,197.7,42.507,TRUE,16540,3234302727,4367820134,"LINESTRING (100.5944064 13.7138918, 100.5942865 13.7135277)"
280,61703339,2295521451,0,300825126,125.7,51.537,FALSE,37665,61703339,2295521451,"LINESTRING (100.5954974 13.7122638, 100.5958848 13.7119933)"
281,3234302727,2591644067,0,156591249,199.3,17.838,TRUE,16536,2591644067,3234302727,"LINESTRING (100.594461 13.7140432, 100.5944064 13.7138918)"
282,1692045559,4553310943,0,459492913,293.1,277.018,FALSE,36993,4553310943,1692045559,"LINESTRING (100.55542 13.7216041, 100.553061 13.7225812)"
283,1693004113,66263210,0,459492917,109.9,24.021,FALSE,20771,1693004113,66263210,"LINESTRING (100.5587843 13.7203905, 100.5589934 13.720317)"
284,1693004113,1892287670,0,459492917,113.2,144.759,FALSE,32351,1892287670,1693004113,"LINESTRING (100.5575522 13.7209025, 100.5587843 13.7203905)"
285,1693004037,5161241361,0,459551208,292.6,63.482,FALSE,32978,5161241361,1693004037,"LINESTRING (100.5598687 13.7198147, 100.5593262 13.7200342)"
286,277945066,277945083,0,9168676,198.6,43.677,FALSE,20780,277945066,277945083,"LINESTRING (100.5589262 13.719492, 100.5587973 13.7191197)"
287,277945083,277945646,0,9168676,199.3,64.541,FALSE,32988,277945083,277945646,"LINESTRING (100.5587973 13.7191197, 100.5585995 13.718572)"
288,1693004086,272488164,0,338595771,18.5,244.365,FALSE,32348,272488164,1693004086,"LINESTRING (100.5581493 13.7178805, 100.5588685 13.7199641)"
289,1693004125,272491964,0,481971011,292.2,133.123,FALSE,20785,1693004125,272491964,"LINESTRING (100.5588004 13.7202249, 100.5576592 13.7206768)"
290,272491964,272492178,0,459492915,292.6,19.529,FALSE,20788,272491964,272492178,"LINESTRING (100.5576592 13.7206768, 100.5574923 13.7207443)"
291,272491964,1892287669,0,459492916,170.4,287.183,FALSE,20789,272491964,1892287669,"LINESTRING (100.5576592 13.7206768, 100.5581009 13.71813)"
292,272492178,5848045710,0,459492913,293.1,50.901,FALSE,32352,272492178,5848045710,"LINESTRING (100.5574923 13.7207443, 100.557059 13.7209242)"
293,272492178,6320214168,0,25047974,349.7,152.87,FALSE,32356,6320214168,272492178,"LINESTRING (100.5577461 13.7193918, 100.5574923 13.7207443)"
294,1892287669,272488164,0,459492916,169.3,28.232,FALSE,32354,1892287669,272488164,"LINESTRING (100.5581009 13.71813, 100.5581493 13.7178805)"
295,85724658,85724659,0,338595769,226.8,40.567,FALSE,20795,85724658,85724659,"LINESTRING (100.558093 13.71731, 100.5578192 13.7170603)"
296,85724658,3457051443,0,338595769,209.2,21.764,FALSE,26990,3457051443,85724658,"LINESTRING (100.5581914 13.7174808, 100.558093 13.71731)"
297,85724659,272484251,0,338595769,222.4,110.197,FALSE,20802,85724659,272484251,"LINESTRING (100.5578192 13.7170603, 100.5571313 13.7163285)"
298,272484251,1695930255,0,25053633,233.1,24.747,FALSE,32420,272484251,1695930255,"LINESTRING (100.5571313 13.7163285, 100.556948 13.716195)"
299,272489401,1693026915,0,25053626,44.3,175.504,FALSE,32325,272489401,1693026915,"LINESTRING (100.5567967 13.7163752, 100.5579313 13.7175049)"
300,765319545,3255390883,0,61232396,181,110.178,FALSE,24264,765319545,3255390883,"LINESTRING (100.5806703 13.7180847, 100.5806524 13.717094)"
301,765319545,3251997323,0,61232396,181.7,249.003,FALSE,39408,3251997323,765319545,"LINESTRING (100.5807405 13.720323, 100.5806703 13.7180847)"
302,267086935,267088502,0,170065517,21.3,32.542,TRUE,24839,267088502,267086935,"LINESTRING (100.5696006 13.7179636, 100.5697102 13.7182362)"
303,267088502,85703489,0,300813736,114.1,305.418,FALSE,24840,267088502,85703489,"LINESTRING (100.5696006 13.7179636, 100.572181 13.716841)"
304,267088502,3048996871,0,300813736,114.1,183.044,FALSE,37651,3048996871,267088502,"LINESTRING (100.5680541 13.7186364, 100.5696006 13.7179636)"
305,3255398966,3251997325,0,61232396,181,65.104,FALSE,26702,3255398966,3251997325,"LINESTRING (100.5807812 13.7219253, 100.5807706 13.7213399)"
306,3251997325,3251997323,0,61232396,181.6,113.121,FALSE,39406,3251997325,3251997323,"LINESTRING (100.5807706 13.7213399, 100.5807405 13.720323)"
307,61907354,3457051443,0,185563488,205.8,16.027,FALSE,26986,61907354,3457051443,"LINESTRING (100.5582559 13.7176106, 100.5581914 13.7174808)"
308,61907354,1693004102,0,185563494,120.5,34.669,FALSE,26987,61907354,1693004102,"LINESTRING (100.5582559 13.7176106, 100.5585324 13.7174523)"
309,61907354,272488164,0,25047951,159,32.145,FALSE,32347,272488164,61907354,"LINESTRING (100.5581493 13.7178805, 100.5582559 13.7176106)"
310,61907354,61907353,0,9168676,202.1,15.51,FALSE,71243,61907353,61907354,"LINESTRING (100.55831 13.7177398, 100.5582559 13.7176106)"
311,3457051443,272491961,0,338595767,293.6,39.016,TRUE,26992,272491961,3457051443,"LINESTRING (100.5585225 13.7173406, 100.5581914 13.7174808)"
312,3457051443,272492179,0,338595768,153.2,29.617,TRUE,26995,272492179,3457051443,"LINESTRING (100.5580679 13.7177186, 100.5581914 13.7174808)"
313,1693004102,277944687,0,185563494,112.4,69.841,FALSE,26991,1693004102,277944687,"LINESTRING (100.5585324 13.7174523, 100.55913 13.7172126)"
314,272491961,5804454498,0,482384850,293.1,183.713,FALSE,50613,5804454498,272491961,"LINESTRING (100.5600866 13.7166919, 100.5585225 13.7173406)"
315,272492179,1892287668,0,25047974,347.7,42.792,FALSE,26994,272492179,1892287668,"LINESTRING (100.5580679 13.7177186, 100.5579835 13.7180946)"
316,272492179,1693026915,0,25053626,31.8,27.971,FALSE,32326,1693026915,272492179,"LINESTRING (100.5579313 13.7175049, 100.5580679 13.7177186)"
317,277944687,277944850,0,185563494,112.8,122.484,FALSE,27007,277944687,277944850,"LINESTRING (100.55913 13.7172126, 100.5601752 13.7167856)"
318,1892287668,6320214168,0,25047974,349.9,146.504,FALSE,32355,1892287668,6320214168,"LINESTRING (100.5579835 13.7180946, 100.5577461 13.7193918)"
319,277946826,277946825,0,321845929,25.9,31.123,FALSE,40773,277946826,277946825,"LINESTRING (100.5660614 13.7167139, 100.5661872 13.7169657)"
320,277944850,3048216950,0,185563494,113,76.662,FALSE,27017,277944850,3048216950,"LINESTRING (100.5601752 13.7167856, 100.5608285 13.7165163)"
321,272491953,4752126525,0,185563494,112.5,406.22,FALSE,27009,272491953,4752126525,"LINESTRING (100.561493 13.7162386, 100.5649661 13.714838)"
322,272491953,3048216950,0,185563494,113.3,78.142,FALSE,27023,3048216950,272491953,"LINESTRING (100.5608285 13.7165163, 100.561493 13.7162386)"
323,277946074,61907353,0,9168676,197.3,35.546,FALSE,32971,277946074,61907353,"LINESTRING (100.5584079 13.718045, 100.55831 13.7177398)"
324,277946074,61907352,0,9168676,200,23.388,FALSE,33055,61907352,277946074,"LINESTRING (100.5584821 13.7182426, 100.5584079 13.718045)"
325,3948923073,3948923076,0,208631105,6.7,33.093,FALSE,28969,3948923073,3948923076,"LINESTRING (100.5842227 13.7139228, 100.5842583 13.7142184)"
326,2189041835,2189041836,0,208631109,228.4,174.711,FALSE,29005,2189041836,2189041835,"LINESTRING (100.5834062 13.7113361, 100.582196 13.7102938)"
327,5261661254,2189041839,0,44695864,46.4,38.015,FALSE,29001,5261661254,2189041839,"LINESTRING (100.5834602 13.7115245, 100.5837151 13.7117602)"
328,2295521451,313137219,0,300825126,126.7,30.516,FALSE,29990,2295521451,313137219,"LINESTRING (100.5958848 13.7119933, 100.5961113 13.7118293)"
329,313137219,2295521459,0,28504804,127.4,25.195,FALSE,29992,313137219,2295521459,"LINESTRING (100.5961113 13.7118293, 100.5962966 13.7116917)"
330,2295521459,2209159142,0,220429933,128.5,51.859,FALSE,30013,2295521459,2209159142,"LINESTRING (100.5962966 13.7116917, 100.5966724 13.7114015)"
331,2209159142,313137648,0,220429933,126.3,240.372,FALSE,30009,2209159142,313137648,"LINESTRING (100.5966724 13.7114015, 100.5984646 13.7101203)"
332,4964511273,3243042379,0,482404745,125.4,9.29,FALSE,39025,4964511273,3243042379,"LINESTRING (100.5930271 13.7140072, 100.5930972 13.7139588)"
333,1892287670,2667109852,0,459492912,111.6,84.148,FALSE,49617,2667109852,1892287670,"LINESTRING (100.556828 13.7211813, 100.5575522 13.7209025)"
334,5848045710,5848045703,0,459492913,293.3,60.299,FALSE,32360,5848045710,5848045703,"LINESTRING (100.557059 13.7209242, 100.5565464 13.7211389)"
335,5848045703,4553310943,0,459492913,293,132.215,FALSE,49632,5848045703,4553310943,"LINESTRING (100.5565464 13.7211389, 100.55542 13.7216041)"
336,269742142,272555724,0,25053183,294,483.824,TRUE,32389,272555724,269742142,"LINESTRING (100.5662751 13.7171265, 100.5621834 13.7188962)"
337,269742142,5776921556,0,459551208,292.3,112.673,FALSE,32388,269742142,5776921556,"LINESTRING (100.5621834 13.7188962, 100.5612184 13.7192808)"
338,269742142,272448207,0,459551208,277,47.643,FALSE,49646,272448207,269742142,"LINESTRING (100.5626212 13.7188443, 100.5621834 13.7188962)"
339,272555724,277946825,0,321845933,28,20.245,FALSE,40774,277946825,272555724,"LINESTRING (100.5661872 13.7169657, 100.5662751 13.7171265)"
340,5776921556,277944688,0,459551208,291.8,120.756,FALSE,32392,5776921556,277944688,"LINESTRING (100.5612184 13.7192808, 100.5601803 13.7196837)"
341,272555725,277946890,0,292571830,207.2,19.255,FALSE,32395,272555725,277946890,"LINESTRING (100.5663794 13.7170769, 100.5662979 13.7169229)"
342,277944688,5161241361,0,459551208,293.4,36.676,FALSE,32973,277944688,5161241361,"LINESTRING (100.5601803 13.7196837, 100.5598687 13.7198147)"
343,277946890,277946889,0,321845931,204.9,31.441,FALSE,32399,277946890,277946889,"LINESTRING (100.5662979 13.7169229, 100.5661752 13.7166665)"
344,277946889,4752126536,0,321845932,203.3,216.968,FALSE,36703,277946889,4752126536,"LINESTRING (100.5661752 13.7166665, 100.56538 13.7148747)"
345,2591644064,3247438068,0,482404745,125.1,25.738,FALSE,39116,3247438068,2591644064,"LINESTRING (100.5932922 13.7138266, 100.5934872 13.7136936)"
346,277945646,61907352,0,9168676,199.1,38.761,FALSE,32992,277945646,61907352,"LINESTRING (100.5585995 13.718572, 100.5584821 13.7182426)"
347,3390619382,3390619386,0,319130516,182.6,110.628,TRUE,36716,3390619386,3390619382,"LINESTRING (100.5805299 13.7121537, 100.580484 13.7111598)"
348,280738167,4553310930,0,459492912,118.1,59.66,FALSE,36988,280738167,4553310930,"LINESTRING (100.5554194 13.7218136, 100.5559066 13.7215609)"
349,280738167,280738630,0,480596367,112.6,279.663,FALSE,50553,280738630,280738167,"LINESTRING (100.55303 13.7227819, 100.5554194 13.7218136)"
350,4553310930,2667109852,0,459492912,113,108.112,FALSE,36995,4553310930,2667109852,"LINESTRING (100.5559066 13.7215609, 100.556828 13.7211813)"
351,85703493,85703494,0,300813736,93.3,37.06,FALSE,37636,85703493,85703494,"LINESTRING (100.5811952 13.7131163, 100.5815377 13.7130972)"
352,85703494,3948923063,0,300813736,91.5,222.345,FALSE,37638,85703494,3948923063,"LINESTRING (100.5815377 13.7130972, 100.5835953 13.7130464)"
353,2723606642,3048996871,0,300813736,114.1,11.564,FALSE,37649,2723606642,3048996871,"LINESTRING (100.5679564 13.7186789, 100.5680541 13.7186364)"
354,2723606642,272435330,0,453962283,204.4,2.222,TRUE,37653,272435330,2723606642,"LINESTRING (100.5679649 13.7186971, 100.5679564 13.7186789)"
355,3243042379,3247438068,0,482404745,124.9,25.687,FALSE,39027,3243042379,3247438068,"LINESTRING (100.5930972 13.7139588, 100.5932922 13.7138266)"
356,783872087,783872068,0,336620983,126.1,255.204,FALSE,39324,783872087,783872068,"LINESTRING (100.5904113 13.7158825, 100.5923205 13.7145307)"
357,3255608054,277361560,0,450149632,152.8,131.927,FALSE,48798,277361560,3255608054,"LINESTRING (100.6005356 13.7068176, 100.6010945 13.7057627)"
358,4913333824,272448138,0,482209831,283.4,14.302,FALSE,50593,4913333824,272448138,"LINESTRING (100.5654708 13.7195893, 100.565342 13.7196191)"
359,85703488,3472974236,0,459551209,115.2,37.577,FALSE,43296,85703488,3472974236,"LINESTRING (100.5658231 13.7195687, 100.5661378 13.7194247)"
360,3472974236,272555807,0,459551209,111.2,51.655,FALSE,43300,3472974236,272555807,"LINESTRING (100.5661378 13.7194247, 100.5665837 13.7192569)"
361,272491960,5804454501,0,482384850,293.1,8.902,FALSE,44254,272491960,5804454501,"LINESTRING (100.5614847 13.7161123, 100.5614089 13.7161437)"
362,5804454501,5804454498,0,482384850,293.1,155.303,FALSE,50611,5804454501,5804454498,"LINESTRING (100.5614089 13.7161437, 100.5600866 13.7166919)"
363,4405530635,277361278,0,450149635,319.5,14.818,FALSE,48602,4405530635,277361278,"LINESTRING (100.5990279 13.709404, 100.5989389 13.7095054)"
364,4405530635,272206262,0,450149635,325.3,20.666,FALSE,48815,272206262,4405530635,"LINESTRING (100.5991368 13.7092512, 100.5990279 13.709404)"
365,1088409489,6498361440,0,450149632,154.9,79.522,FALSE,48806,1088409489,6498361440,"LINESTRING (100.6000844 13.7077574, 100.6003965 13.7071097)"
366,277361560,6498361440,0,450149632,155.2,35.788,FALSE,48808,6498361440,277361560,"LINESTRING (100.6003965 13.7071097, 100.6005356 13.7068176)"
367,272448138,4913333825,0,459551208,276.5,14.285,FALSE,49635,272448138,4913333825,"LINESTRING (100.565342 13.7196191, 100.5652106 13.7196336)"
368,4913333825,272448139,0,459551208,263.4,14.158,FALSE,49636,4913333825,272448139,"LINESTRING (100.5652106 13.7196336, 100.5650804 13.719619)"
369,272448139,272448140,0,459551208,246.9,29.545,FALSE,49637,272448139,272448140,"LINESTRING (100.5650804 13.719619, 100.5648288 13.7195148)"
370,272448140,272448142,0,459551208,246.1,71.183,FALSE,49638,272448140,272448142,"LINESTRING (100.5648288 13.7195148, 100.5642264 13.7192553)"
371,272448142,272448143,0,459551208,248.3,61.555,FALSE,49639,272448142,272448143,"LINESTRING (100.5642264 13.7192553, 100.563697 13.7190505)"
372,272448143,272448144,0,459551208,250.5,39.818,FALSE,49640,272448143,272448144,"LINESTRING (100.563697 13.7190505, 100.5633496 13.7189308)"
373,272448144,272448205,0,459551208,258.6,42.056,FALSE,49641,272448144,272448205,"LINESTRING (100.5633496 13.7189308, 100.5629679 13.7188563)"
374,272448205,272448207,0,459551208,268,37.475,FALSE,49643,272448205,272448207,"LINESTRING (100.5629679 13.7188563, 100.5626212 13.7188443)"